Country,revenue
Spain,933048.0416282554
"United States",932123.5135584471
France,920079.0556165008
Netherlands,894789.593917805
Italy,889308.4565617667
Germany,882998.9670333329
Belgium,873974.0901196854
Portugal,860373.536526182
"United Kingdom",847374.513999815
Norway,827791.4969771063
Sweden,816924.5320269171
Australia,811563.7202083243
