order_year,order_month,order_volume,total_revenue
2020,1,744,887552.1086022338
2020,2,696,835182.8621846201
2020,3,744,883383.8155892608
2020,4,720,907874.2514502497
2020,5,744,879969.3038891479
2020,6,720,855503.8182274271
2020,7,744,866476.0657262331
2020,8,744,883238.2579499873
2020,9,720,897977.7075075392
2020,10,744,865167.7498559863
2020,11,720,888631.6208525473
2020,12,744,869562.4163389043
