order_year,order_month,total_revenue
2024,8,939626.0861599067
2022,10,937761.9576419932
2023,12,932164.7420326847
2022,7,926877.7282355117
2025,1,926017.4637296707
